[{"defType":{"creationDate":"2022-07-23 09:13:17","lastUpdateDate":"2022-08-18 14:14:33","lastUpdatedBy":346970497123119104,"objectVersionNumber":3,"_tls":{"typeDesc":{"en_US":null,"zh_CN":null},"typeName":{"en_US":"需求审核","zh_CN":"需求审核"}},"_token":"OlpFj2jlB05e8U2nIJc40M0/BjmXuN/FV7iXqKpuH1hjtKpZvEfTmIk/MtmC7Q0/qTtTFrdO0VLPNghw/R2aqSVcXAe0TrLuoiyKBXUJGAU=","typeId":3,"typeCode":"HWKF_BACKLOG_APPROVE","typeName":"需求审核","leafFlag":true,"levelPath":"HWKF_BACKLOG_APPROVE","enabledFlag":true,"tenantId":0,"sourceMode":"IMPORT","syncUpdateFlag":false},"defInterfaceList":[{"_tls":{"interfaceName":{"en_US":"backlog-approved","zh_CN":"需求审批通过"}},"_token":"OlpFj2jlB05e8U2nIJc40M0/BjmXuN/FV7iXqKpuH1hjtKpZvEfTmIk/MtmC7Q0/FOfkVYMBWaHIUZy/H6IoUHFOClYVmY/YcP+W3Y2EGVrcA1pWLxNzOhzK39RMaBTa","interfaceId":5,"method":"POST","interfaceCode":"hwkf.ydy.approved","interfaceName":"需求审批通过","serviceName":"agile-service","permissionCode":"agile-service.organization-invoke-backlog.approved","enabledFlag":1,"tenantId":0,"permissionLevel":"organization","controller":"organization-invoke-backlog-controller","operationId":"approvedUsingPOST","parameterList":[{"_tls":{"parameterName":{"en_US":"businessKey","zh_CN":"参数对象"}},"_token":"OlpFj2jlB05e8U2nIJc40M0/BjmXuN/FV7iXqKpuH1hjtKpZvEfTmIk/MtmC7Q0/FOfkVYMBWaHIUZy/H6IoUCb2H1BaMXNM+6JvRLi6UKNIe1YeGWNYCIboCze+oCMf","parameterId":30,"interfaceId":5,"parameterCode":"businessKey","parameterName":"参数对象","parameterType":"String","urlType":"PARAM","enabledFlag":1,"tenantId":0},{"_tls":{"parameterName":{"en_US":"organization_id","zh_CN":"组织ID"}},"_token":"OlpFj2jlB05e8U2nIJc40M0/BjmXuN/FV7iXqKpuH1hjtKpZvEfTmIk/MtmC7Q0/FOfkVYMBWaHIUZy/H6IoUCb2H1BaMXNM+6JvRLi6UKPH3z8PeUKjmuOVHU2g6Pq3","parameterId":31,"interfaceId":5,"parameterCode":"organization_id","parameterName":"组织ID","parameterType":"Long","urlType":"PATH","enabledFlag":1,"tenantId":0}]},{"_tls":{"interfaceName":{"en_US":"backlog-reject","zh_CN":"需求审批拒绝"}},"_token":"OlpFj2jlB05e8U2nIJc40M0/BjmXuN/FV7iXqKpuH1hjtKpZvEfTmIk/MtmC7Q0/FOfkVYMBWaHIUZy/H6IoUD2kOvF61HvVvgmbXDGzd9fcA1pWLxNzOhzK39RMaBTa","interfaceId":6,"method":"POST","interfaceCode":"hwkf.ydy.reject","interfaceName":"需求审批拒绝","serviceName":"agile-service","permissionCode":"agile-service.organization-invoke-backlog.reject","enabledFlag":1,"tenantId":0,"permissionLevel":"organization","controller":"organization-invoke-backlog-controller","operationId":"rejectUsingPOST","parameterList":[{"_tls":{"parameterName":{"en_US":"businessKey","zh_CN":"参数对象"}},"_token":"OlpFj2jlB05e8U2nIJc40M0/BjmXuN/FV7iXqKpuH1hjtKpZvEfTmIk/MtmC7Q0/FOfkVYMBWaHIUZy/H6IoUCb2H1BaMXNM+6JvRLi6UKMO/xAvVlzn3DV99YqWoWbj","parameterId":32,"interfaceId":6,"parameterCode":"businessKey","parameterName":"参数对象","parameterType":"String","urlType":"PARAM","enabledFlag":1,"tenantId":0},{"_tls":{"parameterName":{"en_US":"organization_id","zh_CN":"组织ID"}},"_token":"OlpFj2jlB05e8U2nIJc40M0/BjmXuN/FV7iXqKpuH1hjtKpZvEfTmIk/MtmC7Q0/FOfkVYMBWaHIUZy/H6IoUCb2H1BaMXNM+6JvRLi6UKNV5YHqAqC9O5IJPhzWgXZh","parameterId":33,"interfaceId":6,"parameterCode":"organization_id","parameterName":"组织ID","parameterType":"Long","urlType":"PATH","enabledFlag":1,"tenantId":0}]},{"_tls":{"interfaceName":{"en_US":"Query users under by project roles","zh_CN":"根据项目角色查询项目用户"}},"_token":"OlpFj2jlB05e8U2nIJc40M0/BjmXuN/FV7iXqKpuH1hjtKpZvEfTmIk/MtmC7Q0/FOfkVYMBWaHIUZy/H6IoUCKPRn3i0noaDiZ8YmS9I5rcA1pWLxNzOhzK39RMaBTa","interfaceId":7,"method":"POST","interfaceCode":"hwkf.ydy.queryUserByProjectRoles","interfaceName":"根据项目角色查询项目用户","serviceName":"choerodon-iam","permissionCode":"choerodon-iam.choerodon-role-member.listUsersUnderRoleByIds","enabledFlag":1,"tenantId":0,"permissionLevel":"organization","controller":"role-member-c7n-controller","operationId":"listUsersUnderRoleByIdsUsingPOST","parameterList":[{"_tls":{"parameterName":{"en_US":"project id","zh_CN":"项目id"}},"_token":"OlpFj2jlB05e8U2nIJc40M0/BjmXuN/FV7iXqKpuH1hjtKpZvEfTmIk/MtmC7Q0/FOfkVYMBWaHIUZy/H6IoUCb2H1BaMXNM+6JvRLi6UKPyZQ7e9HcXjL/XpM3AV8xp","parameterId":34,"interfaceId":7,"parameterCode":"project_id","parameterName":"项目id","parameterType":"Long","urlType":"PATH","enabledFlag":1,"tenantId":0},{"_tls":{"parameterName":{"en_US":"role ids string","zh_CN":"角色id集合字符串"}},"_token":"OlpFj2jlB05e8U2nIJc40M0/BjmXuN/FV7iXqKpuH1hjtKpZvEfTmIk/MtmC7Q0/FOfkVYMBWaHIUZy/H6IoUCb2H1BaMXNM+6JvRLi6UKPBZBRSOWW/P0gwNVMKrtsE","parameterId":35,"interfaceId":7,"parameterCode":"roleIdString","parameterName":"角色id集合字符串","parameterType":"String","urlType":"PARAM","enabledFlag":1,"tenantId":0}]}],"defVariableList":[{"_tls":{"variableName":{"en_US":"需求分类","zh_CN":"需求分类"}},"_token":"OlpFj2jlB05e8U2nIJc40M0/BjmXuN/FV7iXqKpuH1hjtKpZvEfTmIk/MtmC7Q0/tynBrfEtbVn3y9Nq+ldpxp2qRpiWZ9fy1PxnQTfaz2M=","variableId":27,"typeId":3,"variableCode":"backlog_classification","variableName":"需求分类","variableType":"String","sourceType":"DEFAULT","conditionFlag":1,"rangeType":"CONSTANT","enabledFlag":1,"tenantId":0,"recordSourceType":"PREDEFINED","modelQueryFlag":0,"sharedFlag":false,"workflowCustomFlag":0,"parameterValueList":[],"typeCode":"HWKF_BACKLOG_APPROVE","sortId":0},{"_tls":{"variableName":{"en_US":"需求紧急程度","zh_CN":"需求紧急程度"}},"_token":"OlpFj2jlB05e8U2nIJc40M0/BjmXuN/FV7iXqKpuH1hjtKpZvEfTmIk/MtmC7Q0/tynBrfEtbVn3y9Nq+ldpxqB0fsyOSaX2OOAbnMBEZHQ=","variableId":25,"typeId":3,"variableCode":"backlog_priority","variableName":"需求紧急程度","variableType":"String","sourceType":"DEFAULT","conditionFlag":1,"rangeType":"CONSTANT","enabledFlag":1,"tenantId":0,"recordSourceType":"PREDEFINED","modelQueryFlag":0,"sharedFlag":false,"workflowCustomFlag":0,"parameterValueList":[],"typeCode":"HWKF_BACKLOG_APPROVE","sortId":0},{"_tls":{"variableName":{"en_US":"需求类型","zh_CN":"需求类型"}},"_token":"OlpFj2jlB05e8U2nIJc40M0/BjmXuN/FV7iXqKpuH1hjtKpZvEfTmIk/MtmC7Q0/tynBrfEtbVn3y9Nq+ldpxiHpFnbgRkxN9VSrlF4b0fc=","variableId":26,"typeId":3,"variableCode":"backlog_type","variableName":"需求类型","variableType":"String","sourceType":"DEFAULT","conditionFlag":1,"rangeType":"CONSTANT","enabledFlag":1,"tenantId":0,"recordSourceType":"PREDEFINED","modelQueryFlag":0,"sharedFlag":false,"workflowCustomFlag":0,"parameterValueList":[],"typeCode":"HWKF_BACKLOG_APPROVE","sortId":0},{"_tls":{"variableName":{"en_US":"backlog number","zh_CN":"需求编号"}},"_token":"OlpFj2jlB05e8U2nIJc40M0/BjmXuN/FV7iXqKpuH1hjtKpZvEfTmIk/MtmC7Q0/tynBrfEtbVn3y9Nq+ldpxoagwbt6VhSLmfa9oK21u3Y=","variableId":59,"typeId":3,"variableCode":"backlogNum","variableName":"需求编号","variableType":"String","sourceType":"DEFAULT","conditionFlag":1,"rangeType":"CONSTANT","enabledFlag":1,"tenantId":0,"recordSourceType":"PREDEFINED","modelQueryFlag":0,"sharedFlag":false,"workflowCustomFlag":0,"parameterValueList":[],"typeCode":"HWKF_BACKLOG_APPROVE","sortId":0},{"_tls":{"variableName":{"en_US":"Business key","zh_CN":"业务主键"}},"_token":"OlpFj2jlB05e8U2nIJc40M0/BjmXuN/FV7iXqKpuH1hjtKpZvEfTmIk/MtmC7Q0/tynBrfEtbVn3y9Nq+ldpxsbmxdzJIzgCiuccp6HIqm0=","variableId":20,"typeId":3,"variableCode":"businessKey","variableName":"业务主键","variableType":"String","sourceType":"SYSTEM","conditionFlag":0,"enabledFlag":1,"tenantId":0,"recordSourceType":"PREDEFINED","modelQueryFlag":0,"sharedFlag":false,"workflowCustomFlag":0,"parameterValueList":[],"typeCode":"HWKF_BACKLOG_APPROVE","sortId":0},{"_tls":{"variableName":{"en_US":"Instance description","zh_CN":"流程描述"}},"_token":"OlpFj2jlB05e8U2nIJc40M0/BjmXuN/FV7iXqKpuH1hjtKpZvEfTmIk/MtmC7Q0/tynBrfEtbVn3y9Nq+ldpxhF6Hh1pdFH4VMSTNf/MKEA=","variableId":22,"typeId":3,"variableCode":"description","variableName":"流程描述","variableType":"String","sourceType":"SYSTEM","conditionFlag":0,"rangeType":"CONSTANT","enabledFlag":1,"tenantId":0,"recordSourceType":"PREDEFINED","modelQueryFlag":0,"sharedFlag":false,"workflowCustomFlag":0,"parameterValueList":[],"typeCode":"HWKF_BACKLOG_APPROVE","sortId":0},{"_tls":{"variableName":{"en_US":"流程最终审批结果","zh_CN":"流程最终审批结果"}},"_token":"OlpFj2jlB05e8U2nIJc40M0/BjmXuN/FV7iXqKpuH1hjtKpZvEfTmIk/MtmC7Q0/tynBrfEtbVn3y9Nq+ldpxqZi9ash1RrTuB3tej7NVKI=","variableId":23,"typeId":3,"variableCode":"instanceApproveResult","variableName":"流程最终审批结果","variableType":"String","sourceType":"SYSTEM","conditionFlag":0,"rangeType":"CONSTANT","enabledFlag":1,"tenantId":0,"recordSourceType":"PREDEFINED","modelQueryFlag":0,"sharedFlag":false,"workflowCustomFlag":0,"parameterValueList":[],"typeCode":"HWKF_BACKLOG_APPROVE","sortId":0},{"_tls":{"variableName":{"en_US":"Instance Id","zh_CN":"流程实例Id"}},"_token":"OlpFj2jlB05e8U2nIJc40M0/BjmXuN/FV7iXqKpuH1hjtKpZvEfTmIk/MtmC7Q0/tynBrfEtbVn3y9Nq+ldpxkXrkxSaBmGuUO+v0HUvulY=","variableId":16,"typeId":3,"variableCode":"instanceId","variableName":"流程实例Id","variableType":"Long","sourceType":"SYSTEM","conditionFlag":0,"rangeType":"CONSTANT","enabledFlag":1,"tenantId":0,"recordSourceType":"PREDEFINED","modelQueryFlag":0,"sharedFlag":false,"workflowCustomFlag":0,"parameterValueList":[],"typeCode":"HWKF_BACKLOG_APPROVE","sortId":0},{"_tls":{"variableName":{"en_US":"Previous node approval result","zh_CN":"上一节点审批结果"}},"_token":"OlpFj2jlB05e8U2nIJc40M0/BjmXuN/FV7iXqKpuH1hjtKpZvEfTmIk/MtmC7Q0/tynBrfEtbVn3y9Nq+ldpxmGLlRniiT0L+j6MlsIb/4U=","variableId":14,"typeId":3,"variableCode":"lastNodeApproveResult","variableName":"上一节点审批结果","variableType":"String","sourceType":"SYSTEM","conditionFlag":1,"rangeType":"LIST","rangeLovSource":"SYSTEM","rangeLovCode":"HWKF.APPROVE_RESULT","rangeName":"工作流--审批动作","enabledFlag":1,"tenantId":0,"recordSourceType":"PREDEFINED","modelQueryFlag":0,"sharedFlag":false,"workflowCustomFlag":0,"parameterValueList":[],"typeCode":"HWKF_BACKLOG_APPROVE","sortId":0},{"_tls":{"variableName":{"en_US":"当前节点审批结果","zh_CN":"当前节点审批结果"}},"_token":"OlpFj2jlB05e8U2nIJc40M0/BjmXuN/FV7iXqKpuH1hjtKpZvEfTmIk/MtmC7Q0/tynBrfEtbVn3y9Nq+ldpxtnwVQ/7E1as4Gpg1GookRk=","variableId":21,"typeId":3,"variableCode":"nodeApproveResult","variableName":"当前节点审批结果","variableType":"String","sourceType":"SYSTEM","conditionFlag":0,"rangeType":"CONSTANT","enabledFlag":1,"tenantId":0,"recordSourceType":"PREDEFINED","modelQueryFlag":0,"sharedFlag":false,"workflowCustomFlag":0,"parameterValueList":[],"typeCode":"HWKF_BACKLOG_APPROVE","sortId":0},{"_tls":{"variableName":{"en_US":"project id","zh_CN":"项目id"}},"_token":"OlpFj2jlB05e8U2nIJc40M0/BjmXuN/FV7iXqKpuH1hjtKpZvEfTmIk/MtmC7Q0/tynBrfEtbVn3y9Nq+ldpxuEAMA+6vUJPoXnTiRSo370=","variableId":28,"typeId":3,"variableCode":"project_id","variableName":"项目id","variableType":"Long","sourceType":"DEFAULT","conditionFlag":1,"rangeType":"CONSTANT","enabledFlag":1,"tenantId":0,"recordSourceType":"PREDEFINED","modelQueryFlag":0,"sharedFlag":false,"workflowCustomFlag":0,"parameterValueList":[],"typeCode":"HWKF_BACKLOG_APPROVE","sortId":0},{"_tls":{"variableName":{"en_US":"The current operator of the process, user code","zh_CN":"流程当前操作人，用户编码"}},"_token":"OlpFj2jlB05e8U2nIJc40M0/BjmXuN/FV7iXqKpuH1hjtKpZvEfTmIk/MtmC7Q0/tynBrfEtbVn3y9Nq+ldpxvK5aByaywbSTZdMWK5XUyU=","variableId":17,"typeId":3,"variableCode":"sessionEmployeeNum","variableName":"流程当前操作人，用户编码","variableType":"String","sourceType":"SYSTEM","conditionFlag":0,"enabledFlag":1,"tenantId":0,"recordSourceType":"PREDEFINED","modelQueryFlag":0,"sharedFlag":false,"workflowCustomFlag":0,"parameterValueList":[],"typeCode":"HWKF_BACKLOG_APPROVE","sortId":0},{"_tls":{"variableName":{"en_US":"Current tenant","zh_CN":"当前租户"}},"_token":"OlpFj2jlB05e8U2nIJc40M0/BjmXuN/FV7iXqKpuH1hjtKpZvEfTmIk/MtmC7Q0/tynBrfEtbVn3y9Nq+ldpxkPCEBd92JtT+ZXR+yHsxqQ=","variableId":18,"typeId":3,"variableCode":"sessionTenantId","variableName":"当前租户","variableType":"Long","sourceType":"SESSION","conditionFlag":0,"enabledFlag":1,"tenantId":0,"recordSourceType":"PREDEFINED","modelQueryFlag":0,"sharedFlag":false,"sessionExpression":"#session.tenantId","workflowCustomFlag":0,"parameterValueList":[],"typeCode":"HWKF_BACKLOG_APPROVE","sortId":0},{"_tls":{"variableName":{"en_US":"The current operator of the process","zh_CN":"流程当前操作人"}},"_token":"OlpFj2jlB05e8U2nIJc40M0/BjmXuN/FV7iXqKpuH1hjtKpZvEfTmIk/MtmC7Q0/tynBrfEtbVn3y9Nq+ldpxiMfg3UmfmObUPGz/tOFVhQ=","variableId":13,"typeId":3,"variableCode":"sessionUserId","variableName":"流程当前操作人","variableType":"String","sourceType":"SESSION","conditionFlag":0,"enabledFlag":1,"tenantId":0,"recordSourceType":"PREDEFINED","modelQueryFlag":0,"sharedFlag":false,"sessionExpression":"#session.userId","workflowCustomFlag":0,"parameterValueList":[],"typeCode":"HWKF_BACKLOG_APPROVE","sortId":0},{"_tls":{"variableName":{"en_US":"Process initiator, employee code","zh_CN":"流程启动人，员工编码"}},"_token":"OlpFj2jlB05e8U2nIJc40M0/BjmXuN/FV7iXqKpuH1hjtKpZvEfTmIk/MtmC7Q0/tynBrfEtbVn3y9Nq+ldpxh1Y5gFmXl8+WPDmK9uf9M4=","variableId":24,"typeId":3,"variableCode":"startEmployeeNum","variableName":"流程启动人，员工编码","variableType":"String","sourceType":"SYSTEM","conditionFlag":0,"enabledFlag":1,"tenantId":0,"recordSourceType":"PREDEFINED","modelQueryFlag":0,"sharedFlag":false,"workflowCustomFlag":0,"parameterValueList":[],"typeCode":"HWKF_BACKLOG_APPROVE","sortId":0},{"_tls":{"variableName":{"en_US":"tenantId","zh_CN":"流程启动时当前租户Id"}},"_token":"OlpFj2jlB05e8U2nIJc40M0/BjmXuN/FV7iXqKpuH1hjtKpZvEfTmIk/MtmC7Q0/tynBrfEtbVn3y9Nq+ldpxpEvp8ZabjMwB/oVq2dpBk4=","variableId":19,"typeId":3,"variableCode":"startTenantId","variableName":"流程启动时当前租户Id","variableType":"Long","sourceType":"SYSTEM","conditionFlag":0,"enabledFlag":1,"tenantId":0,"recordSourceType":"PREDEFINED","modelQueryFlag":0,"sharedFlag":false,"workflowCustomFlag":0,"parameterValueList":[],"typeCode":"HWKF_BACKLOG_APPROVE","sortId":0},{"_tls":{"variableName":{"en_US":"Process initiator, user Id","zh_CN":"流程启动人，用户Id"}},"_token":"OlpFj2jlB05e8U2nIJc40M0/BjmXuN/FV7iXqKpuH1hjtKpZvEfTmIk/MtmC7Q0/tynBrfEtbVn3y9Nq+ldpxtcM6Igf5jOEVHKuu2xGyjU=","variableId":15,"typeId":3,"variableCode":"startUserId","variableName":"流程启动人，用户Id","variableType":"Long","sourceType":"SYSTEM","conditionFlag":0,"enabledFlag":1,"tenantId":0,"recordSourceType":"PREDEFINED","modelQueryFlag":0,"sharedFlag":false,"workflowCustomFlag":0,"parameterValueList":[],"typeCode":"HWKF_BACKLOG_APPROVE","sortId":0},{"_tls":{"variableName":{"en_US":"summary","zh_CN":"需求概要"}},"_token":"OlpFj2jlB05e8U2nIJc40M0/BjmXuN/FV7iXqKpuH1hjtKpZvEfTmIk/MtmC7Q0/tynBrfEtbVn3y9Nq+ldpxnw5YOfXT2ljZtU2vB4WYu0=","variableId":58,"typeId":3,"variableCode":"summary","variableName":"需求概要","variableType":"String","sourceType":"DEFAULT","conditionFlag":1,"rangeType":"CONSTANT","enabledFlag":1,"tenantId":0,"recordSourceType":"PREDEFINED","modelQueryFlag":0,"sharedFlag":false,"workflowCustomFlag":0,"parameterValueList":[],"typeCode":"HWKF_BACKLOG_APPROVE","sortId":0}],"defConditionList":[{"_tls":{"description":{"en_US":null,"zh_CN":null},"conditionName":{"en_US":"需求紧急程度为非常紧急","zh_CN":"需求紧急程度为非常紧急"}},"_token":"OlpFj2jlB05e8U2nIJc40M0/BjmXuN/FV7iXqKpuH1hjtKpZvEfTmIk/MtmC7Q0/XWAkwHakJ+VO85IPFw35+T+1G0i0w0GdlVdLmz08P93cA1pWLxNzOhzK39RMaBTa","conditionId":5,"typeId":3,"conditionCode":"backlog_priority_p0","conditionName":"需求紧急程度为非常紧急","enabledFlag":1,"webJson":"{\"conditionCode\":\"backlog_priority_p0\",\"conditionName\":\"需求紧急程度为非常紧急\",\"flowCondition\":null,\"conditionList\":[{\"conditionId\":\"0\",\"level\":1,\"type\":\"GROUP\",\"symbol\":\"and\"},{\"conditionId\":\"544a822d-c76f-4b73-b57d-3235ac7b792a\",\"parentConditionId\":\"0\",\"type\":\"ITEM\",\"level\":2,\"conditionInfoId\":\"83ebb33b-0a5f-4bad-87ec-aa6c2cadcaff\",\"sourceType\":\"DEFAULT\",\"parameterValueList\":[],\"symbol\":\"and\"}],\"conditionInfoList\":[{\"conditionSourceType\":\"CUSTOMIZE\",\"conditionInfoId\":\"83ebb33b-0a5f-4bad-87ec-aa6c2cadcaff\",\"conditionVariable\":{\"creationDate\":\"2021-03-30 15:14:04\",\"createdBy\":11134,\"lastUpdateDate\":\"2021-03-30 15:14:04\",\"lastUpdatedBy\":11134,\"objectVersionNumber\":1,\"_tls\":{\"variableName\":{\"en_US\":\"需求紧急程度\",\"zh_CN\":\"需求紧急程度\"}},\"_token\":\"OlpFj2jlB05e8U2nIJc40M0/BjmXuN/FV7iXqKpuH1hjtKpZvEfTmIk/MtmC7Q0/tynBrfEtbVn3y9Nq+ldpxlIzV3Tok6Bhi2meC2xtrYzcA1pWLxNzOhzK39RMaBTa\",\"variableId\":124,\"typeId\":11,\"variableCode\":\"backlog_priority\",\"variableName\":\"需求紧急程度\",\"variableType\":\"String\",\"sourceType\":\"DEFAULT\",\"conditionFlag\":1,\"rangeType\":\"CONSTANT\",\"enabledFlag\":1,\"tenantId\":1145,\"recordSourceType\":\"CUSTOMIZE\",\"sharedFlag\":false,\"parameterValueList\":[],\"variableTypeMeaning\":\"字符串\",\"sourceTypeMeaning\":\"自定义\",\"rangeTypeMeaning\":\"常量\",\"recordSourceTypeMeaning\":\"自定义\",\"lovValueList\":[],\"__dirty\":false,\"conditionSourceType\":\"CUSTOMIZE\"},\"variableType\":\"String\",\"rangeType\":\"CONSTANT\",\"variableName\":\"需求紧急程度\",\"variableCode\":\"backlog_priority\",\"variableId\":124,\"sourceType\":\"DEFAULT\",\"parameterValueList\":[],\"_tls\":{\"variableName\":{\"en_US\":\"需求紧急程度\",\"zh_CN\":\"需求紧急程度\"}},\"valueType\":\"CONSTANT\",\"conditionValue\":{\"valueType\":\"CONSTANT\",\"valueData\":\"非常紧急\",\"symbol\":\"==\"},\"symbol\":\"==\",\"valueData\":\"非常紧急\"}]}","tenantId":0,"recordSourceType":"PREDEFINED","typeCode":"HWKF_BACKLOG_APPROVE"},{"_tls":{"description":{"en_US":null,"zh_CN":null},"conditionName":{"en_US":"需求紧急程度为紧急","zh_CN":"需求紧急程度为紧急"}},"_token":"OlpFj2jlB05e8U2nIJc40M0/BjmXuN/FV7iXqKpuH1hjtKpZvEfTmIk/MtmC7Q0/XWAkwHakJ+VO85IPFw35+YbsCaA2XydKAOlQQ2i4n1fcA1pWLxNzOhzK39RMaBTa","conditionId":6,"typeId":3,"conditionCode":"backlog_priority_p1","conditionName":"需求紧急程度为紧急","enabledFlag":1,"webJson":"{\"conditionCode\":\"backlog_priority_p1\",\"conditionName\":\"需求紧急程度为紧急\",\"flowCondition\":null,\"conditionList\":[{\"conditionId\":\"0\",\"level\":1,\"type\":\"GROUP\",\"symbol\":\"and\"},{\"conditionId\":\"07edd88c-8456-4117-87f7-644f5bbb5eb3\",\"parentConditionId\":\"0\",\"type\":\"ITEM\",\"level\":2,\"conditionInfoId\":\"60bc1bae-8203-4425-a9f0-c1004a83fdaa\",\"sourceType\":\"DEFAULT\",\"parameterValueList\":[],\"symbol\":\"and\"}],\"conditionInfoList\":[{\"conditionSourceType\":\"CUSTOMIZE\",\"conditionInfoId\":\"60bc1bae-8203-4425-a9f0-c1004a83fdaa\",\"conditionVariable\":{\"creationDate\":\"2021-03-30 15:14:04\",\"createdBy\":11134,\"lastUpdateDate\":\"2021-03-30 15:14:04\",\"lastUpdatedBy\":11134,\"objectVersionNumber\":1,\"_tls\":{\"variableName\":{\"en_US\":\"需求紧急程度\",\"zh_CN\":\"需求紧急程度\"}},\"_token\":\"OlpFj2jlB05e8U2nIJc40M0/BjmXuN/FV7iXqKpuH1hjtKpZvEfTmIk/MtmC7Q0/tynBrfEtbVn3y9Nq+ldpxlIzV3Tok6Bhi2meC2xtrYzcA1pWLxNzOhzK39RMaBTa\",\"variableId\":124,\"typeId\":11,\"variableCode\":\"backlog_priority\",\"variableName\":\"需求紧急程度\",\"variableType\":\"String\",\"sourceType\":\"DEFAULT\",\"conditionFlag\":1,\"rangeType\":\"CONSTANT\",\"enabledFlag\":1,\"tenantId\":1145,\"recordSourceType\":\"CUSTOMIZE\",\"sharedFlag\":false,\"parameterValueList\":[],\"variableTypeMeaning\":\"字符串\",\"sourceTypeMeaning\":\"自定义\",\"rangeTypeMeaning\":\"常量\",\"recordSourceTypeMeaning\":\"自定义\",\"lovValueList\":[],\"__dirty\":false,\"conditionSourceType\":\"CUSTOMIZE\"},\"variableType\":\"String\",\"rangeType\":\"CONSTANT\",\"variableName\":\"需求紧急程度\",\"variableCode\":\"backlog_priority\",\"variableId\":124,\"sourceType\":\"DEFAULT\",\"parameterValueList\":[],\"_tls\":{\"variableName\":{\"en_US\":\"需求紧急程度\",\"zh_CN\":\"需求紧急程度\"}},\"valueType\":\"CONSTANT\",\"conditionValue\":{\"valueType\":\"CONSTANT\",\"valueData\":\"紧急\",\"symbol\":\"==\"},\"symbol\":\"==\",\"valueData\":\"紧急\"}]}","tenantId":0,"recordSourceType":"PREDEFINED","typeCode":"HWKF_BACKLOG_APPROVE"},{"_tls":{"description":{"en_US":null,"zh_CN":null},"conditionName":{"en_US":"需求紧急程度为普通","zh_CN":"需求紧急程度为普通"}},"_token":"OlpFj2jlB05e8U2nIJc40M0/BjmXuN/FV7iXqKpuH1hjtKpZvEfTmIk/MtmC7Q0/XWAkwHakJ+VO85IPFw35+eVM4XX5WT1wT36ZgDuAM/zcA1pWLxNzOhzK39RMaBTa","conditionId":7,"typeId":3,"conditionCode":"backlog_priority_p2","conditionName":"需求紧急程度为普通","enabledFlag":1,"webJson":"{\"conditionCode\":\"backlog_priority_p2\",\"conditionName\":\"需求紧急程度为普通\",\"flowCondition\":null,\"conditionList\":[{\"conditionId\":\"0\",\"level\":1,\"type\":\"GROUP\",\"symbol\":\"and\"},{\"conditionId\":\"692a9dfa-fad3-464d-b20e-0bb6000bb50d\",\"parentConditionId\":\"0\",\"type\":\"ITEM\",\"level\":2,\"conditionInfoId\":\"c32bc0a5-f113-4627-b6d3-2a0065df9512\",\"sourceType\":\"DEFAULT\",\"parameterValueList\":[],\"symbol\":\"and\"}],\"conditionInfoList\":[{\"conditionSourceType\":\"CUSTOMIZE\",\"conditionInfoId\":\"c32bc0a5-f113-4627-b6d3-2a0065df9512\",\"conditionVariable\":{\"creationDate\":\"2021-03-30 15:14:04\",\"createdBy\":11134,\"lastUpdateDate\":\"2021-03-30 15:14:04\",\"lastUpdatedBy\":11134,\"objectVersionNumber\":1,\"_tls\":{\"variableName\":{\"en_US\":\"需求紧急程度\",\"zh_CN\":\"需求紧急程度\"}},\"_token\":\"OlpFj2jlB05e8U2nIJc40M0/BjmXuN/FV7iXqKpuH1hjtKpZvEfTmIk/MtmC7Q0/tynBrfEtbVn3y9Nq+ldpxlIzV3Tok6Bhi2meC2xtrYzcA1pWLxNzOhzK39RMaBTa\",\"variableId\":124,\"typeId\":11,\"variableCode\":\"backlog_priority\",\"variableName\":\"需求紧急程度\",\"variableType\":\"String\",\"sourceType\":\"DEFAULT\",\"conditionFlag\":1,\"rangeType\":\"CONSTANT\",\"enabledFlag\":1,\"tenantId\":1145,\"recordSourceType\":\"CUSTOMIZE\",\"sharedFlag\":false,\"parameterValueList\":[],\"variableTypeMeaning\":\"字符串\",\"sourceTypeMeaning\":\"自定义\",\"rangeTypeMeaning\":\"常量\",\"recordSourceTypeMeaning\":\"自定义\",\"lovValueList\":[],\"__dirty\":false,\"conditionSourceType\":\"CUSTOMIZE\"},\"variableType\":\"String\",\"rangeType\":\"CONSTANT\",\"variableName\":\"需求紧急程度\",\"variableCode\":\"backlog_priority\",\"variableId\":124,\"sourceType\":\"DEFAULT\",\"parameterValueList\":[],\"_tls\":{\"variableName\":{\"en_US\":\"需求紧急程度\",\"zh_CN\":\"需求紧急程度\"}},\"valueType\":\"CONSTANT\",\"conditionValue\":{\"valueType\":\"CONSTANT\",\"valueData\":\"普通\",\"symbol\":\"==\"},\"symbol\":\"==\",\"valueData\":\"普通\"}]}","tenantId":0,"recordSourceType":"PREDEFINED","typeCode":"HWKF_BACKLOG_APPROVE"},{"_tls":{"description":{"en_US":null,"zh_CN":null},"conditionName":{"en_US":"需求紧急程度为较低","zh_CN":"需求紧急程度为较低"}},"_token":"OlpFj2jlB05e8U2nIJc40M0/BjmXuN/FV7iXqKpuH1hjtKpZvEfTmIk/MtmC7Q0/XWAkwHakJ+VO85IPFw35+WVnE7BEfkB0LE6Ot/jEn13cA1pWLxNzOhzK39RMaBTa","conditionId":8,"typeId":3,"conditionCode":"backlog_priority_p3","conditionName":"需求紧急程度为较低","enabledFlag":1,"webJson":"{\"conditionCode\":\"backlog_priority_p3\",\"conditionName\":\"需求紧急程度为较低\",\"flowCondition\":null,\"conditionList\":[{\"conditionId\":\"0\",\"level\":1,\"type\":\"GROUP\",\"symbol\":\"and\"},{\"conditionId\":\"756a0ba9-95e0-404a-866c-a4e9911ee827\",\"parentConditionId\":\"0\",\"type\":\"ITEM\",\"level\":2,\"conditionInfoId\":\"55243c6b-419d-434d-8601-4522707b9303\",\"sourceType\":\"DEFAULT\",\"parameterValueList\":[],\"symbol\":\"and\"}],\"conditionInfoList\":[{\"conditionSourceType\":\"CUSTOMIZE\",\"conditionInfoId\":\"55243c6b-419d-434d-8601-4522707b9303\",\"conditionVariable\":{\"creationDate\":\"2021-03-30 15:14:04\",\"createdBy\":11134,\"lastUpdateDate\":\"2021-03-30 15:14:04\",\"lastUpdatedBy\":11134,\"objectVersionNumber\":1,\"_tls\":{\"variableName\":{\"en_US\":\"需求紧急程度\",\"zh_CN\":\"需求紧急程度\"}},\"_token\":\"OlpFj2jlB05e8U2nIJc40M0/BjmXuN/FV7iXqKpuH1hjtKpZvEfTmIk/MtmC7Q0/tynBrfEtbVn3y9Nq+ldpxlIzV3Tok6Bhi2meC2xtrYzcA1pWLxNzOhzK39RMaBTa\",\"variableId\":124,\"typeId\":11,\"variableCode\":\"backlog_priority\",\"variableName\":\"需求紧急程度\",\"variableType\":\"String\",\"sourceType\":\"DEFAULT\",\"conditionFlag\":1,\"rangeType\":\"CONSTANT\",\"enabledFlag\":1,\"tenantId\":1145,\"recordSourceType\":\"CUSTOMIZE\",\"sharedFlag\":false,\"parameterValueList\":[],\"variableTypeMeaning\":\"字符串\",\"sourceTypeMeaning\":\"自定义\",\"rangeTypeMeaning\":\"常量\",\"recordSourceTypeMeaning\":\"自定义\",\"lovValueList\":[],\"__dirty\":false,\"conditionSourceType\":\"CUSTOMIZE\"},\"variableType\":\"String\",\"rangeType\":\"CONSTANT\",\"variableName\":\"需求紧急程度\",\"variableCode\":\"backlog_priority\",\"variableId\":124,\"sourceType\":\"DEFAULT\",\"parameterValueList\":[],\"_tls\":{\"variableName\":{\"en_US\":\"需求紧急程度\",\"zh_CN\":\"需求紧急程度\"}},\"valueType\":\"CONSTANT\",\"conditionValue\":{\"valueType\":\"CONSTANT\",\"valueData\":\"较低\",\"symbol\":\"==\"},\"symbol\":\"==\",\"valueData\":\"较低\"}]}","tenantId":0,"recordSourceType":"PREDEFINED","typeCode":"HWKF_BACKLOG_APPROVE"},{"_tls":{"description":{"en_US":null,"zh_CN":null},"conditionName":{"en_US":"需求类型为bug修复","zh_CN":"需求类型为bug修复"}},"_token":"OlpFj2jlB05e8U2nIJc40M0/BjmXuN/FV7iXqKpuH1hjtKpZvEfTmIk/MtmC7Q0/XWAkwHakJ+VO85IPFw35+Ypwai7qVgizc8cdsjpXUj7cA1pWLxNzOhzK39RMaBTa","conditionId":9,"typeId":3,"conditionCode":"backlog_type_bug","conditionName":"需求类型为bug修复","enabledFlag":1,"webJson":"{\"conditionCode\":\"backlog_type_bug\",\"conditionName\":\"需求类型为bug修复\",\"flowCondition\":null,\"conditionList\":[{\"conditionId\":\"0\",\"level\":1,\"type\":\"GROUP\",\"symbol\":\"and\"},{\"conditionId\":\"2fbf6dfe-eba1-4ff5-bc2c-91cd0308b5ee\",\"parentConditionId\":\"0\",\"type\":\"ITEM\",\"level\":2,\"conditionInfoId\":\"37939919-86ac-481c-a69b-ecffb145f338\",\"sourceType\":\"DEFAULT\",\"parameterValueList\":[],\"symbol\":\"and\"}],\"conditionInfoList\":[{\"conditionSourceType\":\"CUSTOMIZE\",\"conditionInfoId\":\"37939919-86ac-481c-a69b-ecffb145f338\",\"conditionVariable\":{\"creationDate\":\"2021-03-30 15:14:36\",\"createdBy\":11134,\"lastUpdateDate\":\"2021-03-30 15:14:36\",\"lastUpdatedBy\":11134,\"objectVersionNumber\":1,\"_tls\":{\"variableName\":{\"en_US\":\"需求类型\",\"zh_CN\":\"需求类型\"}},\"_token\":\"OlpFj2jlB05e8U2nIJc40M0/BjmXuN/FV7iXqKpuH1hjtKpZvEfTmIk/MtmC7Q0/tynBrfEtbVn3y9Nq+ldpxh5alodCpF9N5VNl1CQbZbbcA1pWLxNzOhzK39RMaBTa\",\"variableId\":125,\"typeId\":11,\"variableCode\":\"backlog_type\",\"variableName\":\"需求类型\",\"variableType\":\"String\",\"sourceType\":\"DEFAULT\",\"conditionFlag\":1,\"rangeType\":\"CONSTANT\",\"enabledFlag\":1,\"tenantId\":1145,\"recordSourceType\":\"CUSTOMIZE\",\"sharedFlag\":false,\"parameterValueList\":[],\"variableTypeMeaning\":\"字符串\",\"sourceTypeMeaning\":\"自定义\",\"rangeTypeMeaning\":\"常量\",\"recordSourceTypeMeaning\":\"自定义\",\"lovValueList\":[],\"__dirty\":false,\"conditionSourceType\":\"CUSTOMIZE\"},\"variableType\":\"String\",\"rangeType\":\"CONSTANT\",\"variableName\":\"需求类型\",\"variableCode\":\"backlog_type\",\"variableId\":125,\"sourceType\":\"DEFAULT\",\"parameterValueList\":[],\"_tls\":{\"variableName\":{\"en_US\":\"需求类型\",\"zh_CN\":\"需求类型\"}},\"valueType\":\"CONSTANT\",\"conditionValue\":{\"valueType\":\"CONSTANT\",\"valueData\":\"bug修复\",\"symbol\":\"==\"},\"symbol\":\"==\",\"valueData\":\"bug修复\"}]}","tenantId":0,"recordSourceType":"PREDEFINED","typeCode":"HWKF_BACKLOG_APPROVE"},{"_tls":{"description":{"en_US":null,"zh_CN":null},"conditionName":{"en_US":"需求类型为删除功能","zh_CN":"需求类型为删除功能"}},"_token":"OlpFj2jlB05e8U2nIJc40M0/BjmXuN/FV7iXqKpuH1hjtKpZvEfTmIk/MtmC7Q0/XWAkwHakJ+VO85IPFw35+SFhqokP0hcuM1S4F+XkKDJLaS8BmO5cQjq5Xv9tVaXC","conditionId":10,"typeId":3,"conditionCode":"backlog_type_delete","conditionName":"需求类型为删除功能","enabledFlag":1,"webJson":"{\"conditionCode\":\"backlog_type_delete\",\"conditionName\":\"需求类型为删除功能\",\"flowCondition\":null,\"conditionList\":[{\"conditionId\":\"0\",\"level\":1,\"type\":\"GROUP\",\"symbol\":\"and\"},{\"conditionId\":\"d3af2d75-deef-41fe-b875-8bf8431d75ea\",\"parentConditionId\":\"0\",\"type\":\"ITEM\",\"level\":2,\"conditionInfoId\":\"c15e3eef-3e0e-450e-9c00-b973f5809026\",\"sourceType\":\"DEFAULT\",\"parameterValueList\":[],\"symbol\":\"and\"}],\"conditionInfoList\":[{\"conditionSourceType\":\"CUSTOMIZE\",\"conditionInfoId\":\"c15e3eef-3e0e-450e-9c00-b973f5809026\",\"conditionVariable\":{\"creationDate\":\"2021-03-30 15:14:36\",\"createdBy\":11134,\"lastUpdateDate\":\"2021-03-30 15:14:36\",\"lastUpdatedBy\":11134,\"objectVersionNumber\":1,\"_tls\":{\"variableName\":{\"en_US\":\"需求类型\",\"zh_CN\":\"需求类型\"}},\"_token\":\"OlpFj2jlB05e8U2nIJc40M0/BjmXuN/FV7iXqKpuH1hjtKpZvEfTmIk/MtmC7Q0/tynBrfEtbVn3y9Nq+ldpxh5alodCpF9N5VNl1CQbZbbcA1pWLxNzOhzK39RMaBTa\",\"variableId\":125,\"typeId\":11,\"variableCode\":\"backlog_type\",\"variableName\":\"需求类型\",\"variableType\":\"String\",\"sourceType\":\"DEFAULT\",\"conditionFlag\":1,\"rangeType\":\"CONSTANT\",\"enabledFlag\":1,\"tenantId\":1145,\"recordSourceType\":\"CUSTOMIZE\",\"sharedFlag\":false,\"parameterValueList\":[],\"variableTypeMeaning\":\"字符串\",\"sourceTypeMeaning\":\"自定义\",\"rangeTypeMeaning\":\"常量\",\"recordSourceTypeMeaning\":\"自定义\",\"lovValueList\":[],\"__dirty\":false,\"conditionSourceType\":\"CUSTOMIZE\"},\"variableType\":\"String\",\"rangeType\":\"CONSTANT\",\"variableName\":\"需求类型\",\"variableCode\":\"backlog_type\",\"variableId\":125,\"sourceType\":\"DEFAULT\",\"parameterValueList\":[],\"_tls\":{\"variableName\":{\"en_US\":\"需求类型\",\"zh_CN\":\"需求类型\"}},\"valueType\":\"CONSTANT\",\"conditionValue\":{\"valueType\":\"CONSTANT\",\"valueData\":\"删除功能\",\"symbol\":\"==\"},\"symbol\":\"==\",\"valueData\":\"删除功能\"}]}","tenantId":0,"recordSourceType":"PREDEFINED","typeCode":"HWKF_BACKLOG_APPROVE"},{"_tls":{"description":{"en_US":"Approved of the previous node","zh_CN":"上一节点审批通过"},"conditionName":{"en_US":"Approved of the previous node","zh_CN":"上一节点审批通过"}},"_token":"OlpFj2jlB05e8U2nIJc40M0/BjmXuN/FV7iXqKpuH1hjtKpZvEfTmIk/MtmC7Q0/XWAkwHakJ+VO85IPFw35+cgC6iUuj+4k18Z69TOJVZrcA1pWLxNzOhzK39RMaBTa","conditionId":4,"typeId":3,"conditionCode":"LAST_NODE_APPROVED_PRE","conditionName":"上一节点审批通过","description":"上一节点审批通过","enabledFlag":1,"webJson":"{\"conditionCode\":\"LAST_NODE_APPROVED\",\"conditionName\":\"上一节点审批通过\",\"flowCondition\":null,\"conditionList\":[{\"conditionId\":\"0\",\"level\":1,\"type\":\"GROUP\",\"symbol\":\"and\"},{\"conditionId\":\"0a0e90ac-0060-4ce7-aa04-f201768e3352\",\"parentConditionId\":\"0\",\"type\":\"ITEM\",\"level\":2,\"conditionInfoId\":\"d7202d8d-e399-4aee-8668-15a7db3a7335\",\"sourceType\":\"SYSTEM\",\"parameterValueList\":[],\"symbol\":\"and\"}],\"conditionInfoList\":[{\"conditionSourceType\":\"CUSTOMIZE\",\"conditionInfoId\":\"d7202d8d-e399-4aee-8668-15a7db3a7335\",\"conditionVariable\":{\"creationDate\":\"2020-11-10 10:05:17\",\"lastUpdateDate\":\"2020-11-10 10:05:17\",\"objectVersionNumber\":1,\"_tls\":{\"variableName\":{\"en_US\":\"Previous node approval result\",\"zh_CN\":\"上一节点审批结果\"}},\"_token\":\"fgP2dI5sY3UpXbkse0XDEWSFEvpAppeIRLosJ96ZRsVTHGzgsHtvFLJcukNkMND97XEZ0c9sW3gYzx3tzEYmzfyyknWHTPqacuIfZsl5Z6s=\",\"variableId\":2,\"typeId\":2,\"variableCode\":\"lastNodeApproveResult\",\"variableName\":\"上一节点审批结果\",\"variableType\":\"String\",\"sourceType\":\"SYSTEM\",\"conditionFlag\":1,\"rangeType\":\"LIST\",\"rangeLovCode\":\"HWKF.APPROVE_RESULT\",\"rangeName\":\"工作流--审批动作\",\"enabledFlag\":1,\"tenantId\":0,\"recordSourceType\":\"PREDEFINED\",\"sharedFlag\":false,\"parameterValueList\":[],\"variableTypeMeaning\":\"字符串\",\"sourceTypeMeaning\":\"内置变量\",\"rangeTypeMeaning\":\"下拉列表\",\"recordSourceTypeMeaning\":\"预定义\",\"lovValueList\":[],\"__dirty\":false,\"conditionSourceType\":\"CUSTOMIZE\"},\"variableType\":\"String\",\"rangeType\":\"LIST\",\"variableName\":\"上一节点审批结果\",\"variableCode\":\"lastNodeApproveResult\",\"variableId\":2,\"rangeLovCode\":\"HWKF.APPROVE_RESULT\",\"sourceType\":\"SYSTEM\",\"parameterValueList\":[],\"_tls\":{\"variableName\":{\"en_US\":\"Previous node approval result\",\"zh_CN\":\"上一节点审批结果\"}},\"valueType\":\"CONSTANT\",\"conditionValue\":{\"valueType\":\"CONSTANT\",\"lovDataValue\":[\"APPROVED\"],\"lovData\":\"APPROVED\",\"symbol\":\"==\"},\"symbol\":\"==\",\"lovData\":\"APPROVED\",\"lovDataValue\":[\"APPROVED\"]}]}","tenantId":0,"recordSourceType":"PREDEFINED","typeCode":"HWKF_BACKLOG_APPROVE"},{"_tls":{"description":{"en_US":"Rejected of the previous node","zh_CN":"上一节点审批拒绝"},"conditionName":{"en_US":"Rejected of the previous node","zh_CN":"上一节点审批拒绝"}},"_token":"OlpFj2jlB05e8U2nIJc40M0/BjmXuN/FV7iXqKpuH1hjtKpZvEfTmIk/MtmC7Q0/XWAkwHakJ+VO85IPFw35+XKH+jh4kDVsY6xrp/uP3vfcA1pWLxNzOhzK39RMaBTa","conditionId":3,"typeId":3,"conditionCode":"LAST_NODE_REJECTED_PRE","conditionName":"上一节点审批拒绝","description":"上一节点审批拒绝","enabledFlag":1,"webJson":"{\"conditionCode\":\"LAST_NODE_REJECTED\",\"conditionName\":\"上一节点审批拒绝\",\"flowCondition\":null,\"conditionList\":[{\"conditionId\":\"0\",\"level\":1,\"type\":\"GROUP\",\"symbol\":\"and\"},{\"conditionId\":\"ca91fce4-ca00-4a4f-a059-0bd3031e1129\",\"parentConditionId\":\"0\",\"type\":\"ITEM\",\"level\":2,\"conditionInfoId\":\"1217e035-1025-4c08-930c-10bca13a7e16\",\"sourceType\":\"SYSTEM\",\"parameterValueList\":[],\"symbol\":\"and\"}],\"conditionInfoList\":[{\"conditionSourceType\":\"CUSTOMIZE\",\"conditionInfoId\":\"1217e035-1025-4c08-930c-10bca13a7e16\",\"conditionVariable\":{\"creationDate\":\"2020-11-10 10:05:17\",\"lastUpdateDate\":\"2020-11-10 10:05:17\",\"objectVersionNumber\":1,\"_tls\":{\"variableName\":{\"en_US\":\"Previous node approval result\",\"zh_CN\":\"上一节点审批结果\"}},\"_token\":\"fgP2dI5sY3UpXbkse0XDEWSFEvpAppeIRLosJ96ZRsVTHGzgsHtvFLJcukNkMND97XEZ0c9sW3gYzx3tzEYmzfyyknWHTPqacuIfZsl5Z6s=\",\"variableId\":2,\"typeId\":2,\"variableCode\":\"lastNodeApproveResult\",\"variableName\":\"上一节点审批结果\",\"variableType\":\"String\",\"sourceType\":\"SYSTEM\",\"conditionFlag\":1,\"rangeType\":\"LIST\",\"rangeLovCode\":\"HWKF.APPROVE_RESULT\",\"rangeName\":\"工作流--审批动作\",\"enabledFlag\":1,\"tenantId\":0,\"recordSourceType\":\"PREDEFINED\",\"sharedFlag\":false,\"parameterValueList\":[],\"variableTypeMeaning\":\"字符串\",\"sourceTypeMeaning\":\"内置变量\",\"rangeTypeMeaning\":\"下拉列表\",\"recordSourceTypeMeaning\":\"预定义\",\"lovValueList\":[],\"__dirty\":false,\"conditionSourceType\":\"CUSTOMIZE\"},\"variableType\":\"String\",\"rangeType\":\"LIST\",\"variableName\":\"上一节点审批结果\",\"variableCode\":\"lastNodeApproveResult\",\"variableId\":2,\"rangeLovCode\":\"HWKF.APPROVE_RESULT\",\"sourceType\":\"SYSTEM\",\"parameterValueList\":[],\"_tls\":{\"variableName\":{\"en_US\":\"Previous node approval result\",\"zh_CN\":\"上一节点审批结果\"}},\"valueType\":\"CONSTANT\",\"conditionValue\":{\"valueType\":\"CONSTANT\",\"lovDataValue\":[\"REJECTED\"],\"lovData\":\"REJECTED\",\"symbol\":\"==\"},\"symbol\":\"==\",\"lovData\":\"REJECTED\",\"lovDataValue\":[\"REJECTED\"]}]}","tenantId":0,"recordSourceType":"PREDEFINED","typeCode":"HWKF_BACKLOG_APPROVE"}],"defApproverRuleList":[{"_tls":{"ruleName":{"en_US":"current project","zh_CN":"当前项目"}},"_token":"OlpFj2jlB05e8U2nIJc40M0/BjmXuN/FV7iXqKpuH1hjtKpZvEfTmIk/MtmC7Q0/m4lyj3VKp1uGMWpebZpi/J53871xLKy9Q6tb1ExgOWc=","ruleId":8,"typeId":3,"ruleCode":"APPROVER_RULE_006_PRE","ruleName":"当前项目","enabledFlag":1,"tenantId":0,"recordSourceType":"PREDEFINED","lineList":[{"_tls":{"lineName":{"en_US":"Specify project","zh_CN":"指定项目角色"}},"_token":"OlpFj2jlB05e8U2nIJc40M0/BjmXuN/FV7iXqKpuH1hjtKpZvEfTmIk/MtmC7Q0/m4lyj3VKp1uGMWpebZpi/PmSwrIt1GMW8oAuJ1feGedo97VxREji4KdsLG4fcHe8","ruleLineId":21,"ruleId":8,"lineCode":"LINE_APPOINT_PROJECT_ID","lineName":"指定项目角色","sourceType":"API","sourceCode":"hwkf.ydy.queryUserByProjectRoles","sourceId":7,"resultType":"USER","enabledFlag":1,"tenantId":0,"hzeroOrgFlag":1,"paramValueList":[{"_tls":{"parameterName":{"en_US":"project id","zh_CN":"项目id"}},"_token":"OlpFj2jlB05e8U2nIJc40M0/BjmXuN/FV7iXqKpuH1hjtKpZvEfTmIk/MtmC7Q0/TlXiKHYJ/jHC0aeeZ9TOx9B8e25U57pqxWExKXNJP9Rk0CZD9IAbOZy2LdPC/Q1i","parameterId":31,"sourceTable":"HWKF_DEF_APPROVER_RULE_LINE","sourceId":21,"sourceType":"DEFAULT","parameterCode":"project_id","parameterName":"项目id","parameterType":"Long","valueType":"VARIABLE","variableId":28,"urlType":"PATH","tenantId":0,"valueMultiFlag":0,"variableCode":"project_id","lovParamValueList":[]},{"_tls":{"parameterName":{"en_US":"role ids","zh_CN":"角色id集"}},"_token":"OlpFj2jlB05e8U2nIJc40M0/BjmXuN/FV7iXqKpuH1hjtKpZvEfTmIk/MtmC7Q0/TlXiKHYJ/jHC0aeeZ9TOx9B8e25U57pqxWExKXNJP9ReKzXcSrxZ718Q2S7oN2ja","parameterId":32,"sourceTable":"HWKF_DEF_APPROVER_RULE_LINE","sourceId":21,"sourceType":"DEFAULT","parameterCode":"roleIdString","parameterName":"角色id集","parameterType":"String","valueType":"LOV","urlType":"PARAM","tenantId":0,"viewCode":"IAM.TENANT.ROLE.NO.ENCRYPT","viewName":"查租户角色，不带加密","valueMultiFlag":1,"lovParamValueList":[]}],"defApproverReturnList":[{"_tls":{"fieldName":{"en_US":"user id","zh_CN":"用户ID"}},"_token":"OlpFj2jlB05e8U2nIJc40M0/BjmXuN/FV7iXqKpuH1hjtKpZvEfTmIk/MtmC7Q0/m4lyj3VKp1uGMWpebZpi/HUad1NCNh9hP/UsdeLWL+CE0jL9vjmUCAkWQr28PQxg","returnId":1,"ruleLineId":21,"fieldCode":"id","fieldName":"用户ID","fieldWidth":150,"fieldOrder":1,"displayFlag":0,"valueFlag":1,"selectFlag":0,"enabledFlag":1,"tenantId":0,"lockedFlag":1},{"_tls":{"fieldName":{"en_US":"login name","zh_CN":"用户账号"}},"_token":"OlpFj2jlB05e8U2nIJc40M0/BjmXuN/FV7iXqKpuH1hjtKpZvEfTmIk/MtmC7Q0/m4lyj3VKp1uGMWpebZpi/HUad1NCNh9hP/UsdeLWL+CbiCGoTwo0lqUrRVHfGkOu","returnId":2,"ruleLineId":21,"fieldCode":"loginName","fieldName":"用户账号","fieldWidth":150,"fieldOrder":2,"displayFlag":1,"valueFlag":0,"selectFlag":0,"enabledFlag":1,"tenantId":0,"lockedFlag":1},{"_tls":{"fieldName":{"en_US":"real name","zh_CN":"用户名称"}},"_token":"OlpFj2jlB05e8U2nIJc40M0/BjmXuN/FV7iXqKpuH1hjtKpZvEfTmIk/MtmC7Q0/m4lyj3VKp1uGMWpebZpi/HUad1NCNh9hP/UsdeLWL+ADw58qscJq/GfD6FzUJTFk","returnId":3,"ruleLineId":21,"fieldCode":"realName","fieldName":"用户名称","fieldWidth":150,"fieldOrder":3,"displayFlag":1,"valueFlag":0,"selectFlag":0,"enabledFlag":1,"tenantId":0,"lockedFlag":1}],"interfaceOldTenantId":0}],"typeCode":"HWKF_BACKLOG_APPROVE","levelParamFlag":false},{"_tls":{"ruleName":{"en_US":"current Organization(employee)","zh_CN":"当前组织架构(员工维度)"}},"_token":"OlpFj2jlB05e8U2nIJc40M0/BjmXuN/FV7iXqKpuH1hjtKpZvEfTmIk/MtmC7Q0/m4lyj3VKp1uGMWpebZpi/Ksinnn/5FBadMESQlzyqAk=","ruleId":5,"typeId":3,"ruleCode":"APPROVER_RULE_001_PRE","ruleName":"当前组织架构(员工维度)","enabledFlag":1,"tenantId":0,"recordSourceType":"PREDEFINED","lineList":[{"_tls":{"lineName":{"en_US":"Specify employees","zh_CN":"指定员工"}},"_token":"OlpFj2jlB05e8U2nIJc40M0/BjmXuN/FV7iXqKpuH1hjtKpZvEfTmIk/MtmC7Q0/m4lyj3VKp1uGMWpebZpi/PmSwrIt1GMW8oAuJ1feGeePDWDIveigfBtSv0uitdm+","ruleLineId":10,"ruleId":5,"lineCode":"LINE_APPOINT_EMPLOYEE","lineName":"指定员工","sourceType":"LOV","sourceCode":"HWKF.RULE.SELECT_EMPLOYEE","sourceName":"工作流-员工查询","resultType":"EMPLOYEE","enabledFlag":1,"tenantId":0,"hzeroOrgFlag":1,"paramValueList":[],"defApproverReturnList":[]},{"_tls":{"lineName":{"en_US":"Specify positions","zh_CN":"指定岗位"}},"_token":"OlpFj2jlB05e8U2nIJc40M0/BjmXuN/FV7iXqKpuH1hjtKpZvEfTmIk/MtmC7Q0/m4lyj3VKp1uGMWpebZpi/PmSwrIt1GMW8oAuJ1feGedKlwVOpGI5CfhpdUW3phT1","ruleLineId":11,"ruleId":5,"lineCode":"LINE_APPOINT_POSITION","lineName":"指定岗位","sourceType":"LOV","sourceCode":"HWKF.RULE.SELECT_POSITION","sourceName":"工作流-选择岗位","resultType":"POSITION","enabledFlag":1,"tenantId":0,"hzeroOrgFlag":1,"paramValueList":[],"defApproverReturnList":[]},{"_tls":{"lineName":{"en_US":"Specify units","zh_CN":"指定部门"}},"_token":"OlpFj2jlB05e8U2nIJc40M0/BjmXuN/FV7iXqKpuH1hjtKpZvEfTmIk/MtmC7Q0/m4lyj3VKp1uGMWpebZpi/PmSwrIt1GMW8oAuJ1feGee6fJ4XkeyUvrADgQv8uCkN","ruleLineId":12,"ruleId":5,"lineCode":"LINE_APPOINT_UNIT","lineName":"指定部门","sourceType":"LOV","sourceCode":"HWKF.RULE.SELECT_UNIT","sourceName":"工作流-选择部门","resultType":"UNIT","enabledFlag":1,"tenantId":0,"hzeroOrgFlag":1,"paramValueList":[],"defApproverReturnList":[]},{"_tls":{"lineName":{"en_US":"applyer's position","zh_CN":"某些部门的领导"}},"_token":"OlpFj2jlB05e8U2nIJc40M0/BjmXuN/FV7iXqKpuH1hjtKpZvEfTmIk/MtmC7Q0/m4lyj3VKp1uGMWpebZpi/PmSwrIt1GMW8oAuJ1feGefWLuB8wEivKm5akHa+bgZU","ruleLineId":13,"ruleId":5,"lineCode":"LINE_SOME_UNITS_LEADERS","lineName":"某些部门的领导","sourceType":"LOV","sourceCode":"HWKF.RULE.SELECT_UNIT_SUPER","sourceName":"根据部门ID查询部门领导","resultType":"EMPLOYEE","enabledFlag":1,"tenantId":0,"hzeroOrgFlag":1,"paramValueList":[{"_tls":{"parameterName":{"en_US":"tenantId","zh_CN":"租户ID"}},"_token":"OlpFj2jlB05e8U2nIJc40M0/BjmXuN/FV7iXqKpuH1hjtKpZvEfTmIk/MtmC7Q0/TlXiKHYJ/jHC0aeeZ9TOx9B8e25U57pqxWExKXNJP9TArxzKqa6XsNoOSkOGGc29","parameterId":25,"sourceTable":"HWKF_DEF_APPROVER_RULE_LINE","sourceId":13,"sourceType":"DEFAULT","parameterCode":"tenantId","parameterName":"租户ID","parameterType":"Long","valueType":"VARIABLE","variableId":19,"tenantId":0,"valueMultiFlag":0,"variableCode":"startTenantId","lovParamValueList":[]},{"_tls":{"parameterName":{"en_US":"unit id list","zh_CN":"部门ID列表"}},"_token":"OlpFj2jlB05e8U2nIJc40M0/BjmXuN/FV7iXqKpuH1hjtKpZvEfTmIk/MtmC7Q0/TlXiKHYJ/jHC0aeeZ9TOx9B8e25U57pqxWExKXNJP9SIri94dgolNEjQkJ1YmUF2","parameterId":26,"sourceTable":"HWKF_DEF_APPROVER_RULE_LINE","sourceId":13,"sourceType":"DEFAULT","parameterCode":"unitIds","parameterName":"部门ID列表","parameterType":"String","valueType":"LOV","tenantId":0,"viewCode":"HWKF.RULE.SELECT_UNIT","viewName":"工作流-选择部门","valueMultiFlag":1,"lovParamValueList":[]}],"defApproverReturnList":[]}],"typeCode":"HWKF_BACKLOG_APPROVE","levelParamFlag":false},{"_tls":{"ruleName":{"en_US":"applier's info (employee)","zh_CN":"申请人信息(员工维度)"}},"_token":"OlpFj2jlB05e8U2nIJc40M0/BjmXuN/FV7iXqKpuH1hjtKpZvEfTmIk/MtmC7Q0/m4lyj3VKp1uGMWpebZpi/KYczekwZbZlNqAkJJ8iwG4=","ruleId":6,"typeId":3,"ruleCode":"APPROVER_RULE_003_PRE","ruleName":"申请人信息(员工维度)","enabledFlag":1,"tenantId":0,"recordSourceType":"PREDEFINED","lineList":[{"_tls":{"lineName":{"en_US":"applier(employee)","zh_CN":"流程发起人(员工)"}},"_token":"OlpFj2jlB05e8U2nIJc40M0/BjmXuN/FV7iXqKpuH1hjtKpZvEfTmIk/MtmC7Q0/m4lyj3VKp1uGMWpebZpi/PmSwrIt1GMW8oAuJ1feGefZebhZH8rX6t3yog3hxHQL","ruleLineId":23,"ruleId":6,"lineCode":"LINE_APPLYER","lineName":"流程发起人(员工)","sourceType":"VARIABLE","sourceCode":"startEmployeeNum","sourceId":24,"resultType":"EMPLOYEE","enabledFlag":1,"tenantId":0,"hzeroOrgFlag":1,"paramValueList":[],"defApproverReturnList":[]},{"_tls":{"lineName":{"en_US":"applyer's position","zh_CN":"申请人所在岗位"}},"_token":"OlpFj2jlB05e8U2nIJc40M0/BjmXuN/FV7iXqKpuH1hjtKpZvEfTmIk/MtmC7Q0/m4lyj3VKp1uGMWpebZpi/PmSwrIt1GMW8oAuJ1feGeezBB/75FcYrLpULZBobmZP","ruleLineId":14,"ruleId":6,"lineCode":"LINE_APPLYER_DE_POSITION","lineName":"申请人所在岗位","sourceType":"LOV","sourceCode":"HWKF.RULE.SELECT_POSITION_EMP","sourceName":"根据员工编码查询岗位","resultType":"POSITION","enabledFlag":1,"tenantId":0,"hzeroOrgFlag":1,"paramValueList":[{"_tls":{"parameterName":{"en_US":"employeeNum","zh_CN":"员工编码"}},"_token":"OlpFj2jlB05e8U2nIJc40M0/BjmXuN/FV7iXqKpuH1hjtKpZvEfTmIk/MtmC7Q0/TlXiKHYJ/jHC0aeeZ9TOx9B8e25U57pqxWExKXNJP9RlZfnlid9ol9LBqOZ2qlZi","parameterId":27,"sourceTable":"HWKF_DEF_APPROVER_RULE_LINE","sourceId":14,"sourceType":"DEFAULT","parameterCode":"employeeNum","parameterName":"员工编码","parameterType":"String","valueType":"VARIABLE","variableId":24,"tenantId":0,"valueMultiFlag":0,"variableCode":"startEmployeeNum","lovParamValueList":[]},{"_tls":{"parameterName":{"en_US":"tenantId","zh_CN":"租户ID"}},"_token":"OlpFj2jlB05e8U2nIJc40M0/BjmXuN/FV7iXqKpuH1hjtKpZvEfTmIk/MtmC7Q0/TlXiKHYJ/jHC0aeeZ9TOx9B8e25U57pqxWExKXNJP9SlUpdgJ18aMvwydYSBWax7","parameterId":28,"sourceTable":"HWKF_DEF_APPROVER_RULE_LINE","sourceId":14,"sourceType":"DEFAULT","parameterCode":"tenantId","parameterName":"租户ID","parameterType":"Long","valueType":"VARIABLE","variableId":19,"tenantId":0,"valueMultiFlag":0,"variableCode":"startTenantId","lovParamValueList":[]}],"defApproverReturnList":[]},{"_tls":{"lineName":{"en_US":"applyer's unit","zh_CN":"申请人所在部门"}},"_token":"OlpFj2jlB05e8U2nIJc40M0/BjmXuN/FV7iXqKpuH1hjtKpZvEfTmIk/MtmC7Q0/m4lyj3VKp1uGMWpebZpi/PmSwrIt1GMW8oAuJ1feGef6CIiBhBpI58O79HeD5V//","ruleLineId":15,"ruleId":6,"lineCode":"LINE_APPLYER_DE_UNIT","lineName":"申请人所在部门","sourceType":"LOV","sourceCode":"HWKF.RULE.SELECT_UNIT_EMP","sourceName":"根据员工编码查询部门","resultType":"UNIT","enabledFlag":1,"tenantId":0,"hzeroOrgFlag":1,"paramValueList":[{"_tls":{"parameterName":{"en_US":"employeeNum","zh_CN":"员工编码"}},"_token":"OlpFj2jlB05e8U2nIJc40M0/BjmXuN/FV7iXqKpuH1hjtKpZvEfTmIk/MtmC7Q0/TlXiKHYJ/jHC0aeeZ9TOx9B8e25U57pqxWExKXNJP9TbPFsDviEfU8tjbniyLN6s","parameterId":29,"sourceTable":"HWKF_DEF_APPROVER_RULE_LINE","sourceId":15,"sourceType":"DEFAULT","parameterCode":"employeeNum","parameterName":"员工编码","parameterType":"String","valueType":"VARIABLE","variableId":24,"tenantId":0,"valueMultiFlag":0,"variableCode":"startEmployeeNum","lovParamValueList":[]},{"_tls":{"parameterName":{"en_US":"tenantId","zh_CN":"租户ID"}},"_token":"OlpFj2jlB05e8U2nIJc40M0/BjmXuN/FV7iXqKpuH1hjtKpZvEfTmIk/MtmC7Q0/TlXiKHYJ/jHC0aeeZ9TOx9B8e25U57pqxWExKXNJP9QEsEVDelxWUSdjJQuyxypM","parameterId":30,"sourceTable":"HWKF_DEF_APPROVER_RULE_LINE","sourceId":15,"sourceType":"DEFAULT","parameterCode":"tenantId","parameterName":"租户ID","parameterType":"Long","valueType":"VARIABLE","variableId":19,"tenantId":0,"valueMultiFlag":0,"variableCode":"startTenantId","lovParamValueList":[]}],"defApproverReturnList":[]}],"typeCode":"HWKF_BACKLOG_APPROVE","levelParamFlag":false},{"_tls":{"ruleName":{"en_US":"leaders of applyer","zh_CN":"申请人的上级领导"}},"_token":"OlpFj2jlB05e8U2nIJc40M0/BjmXuN/FV7iXqKpuH1hjtKpZvEfTmIk/MtmC7Q0/m4lyj3VKp1uGMWpebZpi/PGaNffHILvzK8OOp6n74mg=","ruleId":4,"typeId":3,"ruleCode":"APPROVER_RULE_004_PRE","ruleName":"申请人的上级领导","enabledFlag":1,"tenantId":0,"recordSourceType":"PREDEFINED","lineList":[{"_tls":{"lineName":{"en_US":"leader of level one(group leader)","zh_CN":"一级领导(组长)"}},"_token":"OlpFj2jlB05e8U2nIJc40M0/BjmXuN/FV7iXqKpuH1hjtKpZvEfTmIk/MtmC7Q0/m4lyj3VKp1uGMWpebZpi/PmSwrIt1GMW8oAuJ1feGefKT48JI/0mDhR6KbCNVuAI","ruleLineId":16,"ruleId":4,"lineCode":"LINE_LEVEL_LEADER_01","lineName":"一级领导(组长)","sourceType":"LOV","sourceCode":"HWKF.SELECT_LEADER_BY_LEVEL","sourceName":"工作流-根据层级查询上级领导","resultType":"EMPLOYEE","enabledFlag":1,"tenantId":0,"hzeroOrgFlag":1,"paramValueList":[{"_tls":{"parameterName":{"en_US":"employeeNum","zh_CN":"员工编码"}},"_token":"OlpFj2jlB05e8U2nIJc40M0/BjmXuN/FV7iXqKpuH1hjtKpZvEfTmIk/MtmC7Q0/TlXiKHYJ/jHC0aeeZ9TOx9B8e25U57pqxWExKXNJP9TDQvzcTVIchwjRZkUheBi5","parameterId":16,"sourceTable":"HWKF_DEF_APPROVER_RULE_LINE","sourceId":16,"sourceType":"DEFAULT","parameterCode":"employeeNum","parameterName":"员工编码","parameterType":"String","valueType":"VARIABLE","variableId":24,"tenantId":0,"valueMultiFlag":0,"variableCode":"startEmployeeNum","lovParamValueList":[]},{"_tls":{"parameterName":{"en_US":"level：0-leader of level one","zh_CN":"层级:0-一级领导，1-二级领导"}},"_token":"OlpFj2jlB05e8U2nIJc40M0/BjmXuN/FV7iXqKpuH1hjtKpZvEfTmIk/MtmC7Q0/TlXiKHYJ/jHC0aeeZ9TOx9B8e25U57pqxWExKXNJP9R3Dt7cVdZGJ0ZBSZi7jHZh","parameterId":17,"sourceTable":"HWKF_DEF_APPROVER_RULE_LINE","sourceId":16,"sourceType":"DEFAULT","parameterCode":"level","parameterName":"层级:0-一级领导，1-二级领导","parameterType":"Long","valueType":"CONSTANT","defaultValue":"0","tenantId":0,"valueMultiFlag":0,"lovParamValueList":[]},{"_tls":{"parameterName":{"en_US":"tenantId","zh_CN":"租户ID"}},"_token":"OlpFj2jlB05e8U2nIJc40M0/BjmXuN/FV7iXqKpuH1hjtKpZvEfTmIk/MtmC7Q0/TlXiKHYJ/jHC0aeeZ9TOx9B8e25U57pqxWExKXNJP9R4wXYmQXV/aKONIDK+h4rK","parameterId":18,"sourceTable":"HWKF_DEF_APPROVER_RULE_LINE","sourceId":16,"sourceType":"DEFAULT","parameterCode":"tenantId","parameterName":"租户ID","parameterType":"Long","valueType":"VARIABLE","variableId":19,"tenantId":0,"valueMultiFlag":0,"variableCode":"startTenantId","lovParamValueList":[]}],"defApproverReturnList":[]},{"_tls":{"lineName":{"en_US":"leader of level two(department manager)","zh_CN":"二级领导(部门经理)"}},"_token":"OlpFj2jlB05e8U2nIJc40M0/BjmXuN/FV7iXqKpuH1hjtKpZvEfTmIk/MtmC7Q0/m4lyj3VKp1uGMWpebZpi/PmSwrIt1GMW8oAuJ1feGed8tK/6mU6jazxbyR19y0zv","ruleLineId":17,"ruleId":4,"lineCode":"LINE_LEVEL_LEADER_02","lineName":"二级领导(部门经理)","sourceType":"LOV","sourceCode":"HWKF.SELECT_LEADER_BY_LEVEL","sourceName":"工作流-根据层级查询上级领导","resultType":"EMPLOYEE","enabledFlag":1,"tenantId":0,"hzeroOrgFlag":1,"paramValueList":[{"_tls":{"parameterName":{"en_US":"employeeNum","zh_CN":"员工编码"}},"_token":"OlpFj2jlB05e8U2nIJc40M0/BjmXuN/FV7iXqKpuH1hjtKpZvEfTmIk/MtmC7Q0/TlXiKHYJ/jHC0aeeZ9TOx9B8e25U57pqxWExKXNJP9Ty87PszKZVsGKVEyzqnY8q","parameterId":19,"sourceTable":"HWKF_DEF_APPROVER_RULE_LINE","sourceId":17,"sourceType":"DEFAULT","parameterCode":"employeeNum","parameterName":"员工编码","parameterType":"String","valueType":"VARIABLE","variableId":24,"tenantId":0,"valueMultiFlag":0,"variableCode":"startEmployeeNum","lovParamValueList":[]},{"_tls":{"parameterName":{"en_US":"level：0-leader of level one","zh_CN":"层级:0-一级领导，1-二级领导"}},"_token":"OlpFj2jlB05e8U2nIJc40M0/BjmXuN/FV7iXqKpuH1hjtKpZvEfTmIk/MtmC7Q0/TlXiKHYJ/jHC0aeeZ9TOx9B8e25U57pqxWExKXNJP9SCCKKoOSubrHq9Qu5Dt3V+","parameterId":20,"sourceTable":"HWKF_DEF_APPROVER_RULE_LINE","sourceId":17,"sourceType":"DEFAULT","parameterCode":"level","parameterName":"层级:0-一级领导，1-二级领导","parameterType":"Long","valueType":"CONSTANT","defaultValue":"1","tenantId":0,"valueMultiFlag":0,"lovParamValueList":[]},{"_tls":{"parameterName":{"en_US":"tenantId","zh_CN":"租户ID"}},"_token":"OlpFj2jlB05e8U2nIJc40M0/BjmXuN/FV7iXqKpuH1hjtKpZvEfTmIk/MtmC7Q0/TlXiKHYJ/jHC0aeeZ9TOx9B8e25U57pqxWExKXNJP9SptGoUBWVvCZwhxeJlU0pf","parameterId":21,"sourceTable":"HWKF_DEF_APPROVER_RULE_LINE","sourceId":17,"sourceType":"DEFAULT","parameterCode":"tenantId","parameterName":"租户ID","parameterType":"Long","valueType":"VARIABLE","variableId":19,"tenantId":0,"valueMultiFlag":0,"variableCode":"startTenantId","lovParamValueList":[]}],"defApproverReturnList":[]},{"_tls":{"lineName":{"en_US":"leader of level three(general manager)","zh_CN":"三级领导(总经理)"}},"_token":"OlpFj2jlB05e8U2nIJc40M0/BjmXuN/FV7iXqKpuH1hjtKpZvEfTmIk/MtmC7Q0/m4lyj3VKp1uGMWpebZpi/PmSwrIt1GMW8oAuJ1feGefPvphO5LemzOwdUVtltaxc","ruleLineId":18,"ruleId":4,"lineCode":"LINE_LEVEL_LEADER_03","lineName":"三级领导(总经理)","sourceType":"LOV","sourceCode":"HWKF.SELECT_LEADER_BY_LEVEL","sourceName":"工作流-根据层级查询上级领导","resultType":"EMPLOYEE","enabledFlag":1,"tenantId":0,"hzeroOrgFlag":1,"paramValueList":[{"_tls":{"parameterName":{"en_US":"employeeNum","zh_CN":"员工编码"}},"_token":"OlpFj2jlB05e8U2nIJc40M0/BjmXuN/FV7iXqKpuH1hjtKpZvEfTmIk/MtmC7Q0/TlXiKHYJ/jHC0aeeZ9TOx9B8e25U57pqxWExKXNJP9RGFmtDO3htVH++pVgWjHl1","parameterId":22,"sourceTable":"HWKF_DEF_APPROVER_RULE_LINE","sourceId":18,"sourceType":"DEFAULT","parameterCode":"employeeNum","parameterName":"员工编码","parameterType":"String","valueType":"VARIABLE","variableId":24,"tenantId":0,"valueMultiFlag":0,"variableCode":"startEmployeeNum","lovParamValueList":[]},{"_tls":{"parameterName":{"en_US":"level：0-leader of level one","zh_CN":"层级:0-一级领导，1-二级领导"}},"_token":"OlpFj2jlB05e8U2nIJc40M0/BjmXuN/FV7iXqKpuH1hjtKpZvEfTmIk/MtmC7Q0/TlXiKHYJ/jHC0aeeZ9TOx9B8e25U57pqxWExKXNJP9T1bRafu7P99mxlKs2KY8Gr","parameterId":23,"sourceTable":"HWKF_DEF_APPROVER_RULE_LINE","sourceId":18,"sourceType":"DEFAULT","parameterCode":"level","parameterName":"层级:0-一级领导，1-二级领导","parameterType":"Long","valueType":"CONSTANT","defaultValue":"2","tenantId":0,"valueMultiFlag":0,"lovParamValueList":[]},{"_tls":{"parameterName":{"en_US":"tenantId","zh_CN":"租户ID"}},"_token":"OlpFj2jlB05e8U2nIJc40M0/BjmXuN/FV7iXqKpuH1hjtKpZvEfTmIk/MtmC7Q0/TlXiKHYJ/jHC0aeeZ9TOx9B8e25U57pqxWExKXNJP9Tbqad+GFfaKFUp3EtHy9ll","parameterId":24,"sourceTable":"HWKF_DEF_APPROVER_RULE_LINE","sourceId":18,"sourceType":"DEFAULT","parameterCode":"tenantId","parameterName":"租户ID","parameterType":"Long","valueType":"VARIABLE","variableId":19,"tenantId":0,"valueMultiFlag":0,"variableCode":"startTenantId","lovParamValueList":[]}],"defApproverReturnList":[]}],"typeCode":"HWKF_BACKLOG_APPROVE","levelParamFlag":false},{"_tls":{"ruleName":{"en_US":"applier's info (user)","zh_CN":"申请人信息(用户维度)"}},"_token":"OlpFj2jlB05e8U2nIJc40M0/BjmXuN/FV7iXqKpuH1hjtKpZvEfTmIk/MtmC7Q0/m4lyj3VKp1uGMWpebZpi/EzHuHNzDd8MbNbH9OfL8Sg=","ruleId":7,"typeId":3,"ruleCode":"APPROVER_RULE_005_PRE","ruleName":"申请人信息(用户维度)","enabledFlag":1,"tenantId":0,"recordSourceType":"PREDEFINED","lineList":[{"_tls":{"lineName":{"en_US":"applier(user)","zh_CN":"流程发起人(用户)"}},"_token":"OlpFj2jlB05e8U2nIJc40M0/BjmXuN/FV7iXqKpuH1hjtKpZvEfTmIk/MtmC7Q0/m4lyj3VKp1uGMWpebZpi/PmSwrIt1GMW8oAuJ1feGeeteQVJMovSgeUGcYUz5vSA","ruleLineId":24,"ruleId":7,"lineCode":"LINE_APPLYER_USER","lineName":"流程发起人(用户)","sourceType":"VARIABLE","sourceCode":"startUserId","sourceId":4,"resultType":"USER","enabledFlag":1,"tenantId":0,"hzeroOrgFlag":1,"paramValueList":[],"defApproverReturnList":[]},{"_tls":{"lineName":{"en_US":"Specify role","zh_CN":"指定角色"}},"_token":"OlpFj2jlB05e8U2nIJc40M0/BjmXuN/FV7iXqKpuH1hjtKpZvEfTmIk/MtmC7Q0/m4lyj3VKp1uGMWpebZpi/PmSwrIt1GMW8oAuJ1feGedcva4Y6lPWE9DsZdQUS6AZ","ruleLineId":20,"ruleId":7,"lineCode":"LINE_APPOINT_ROLE","lineName":"指定角色","sourceType":"LOV","sourceCode":"HWKF.RULE.SELECT_ROLE","sourceName":"工作流-选择角色","resultType":"ROLE","enabledFlag":1,"tenantId":0,"hzeroOrgFlag":1,"paramValueList":[],"defApproverReturnList":[]},{"_tls":{"lineName":{"en_US":"Specify user","zh_CN":"指定用户"}},"_token":"OlpFj2jlB05e8U2nIJc40M0/BjmXuN/FV7iXqKpuH1hjtKpZvEfTmIk/MtmC7Q0/m4lyj3VKp1uGMWpebZpi/PmSwrIt1GMW8oAuJ1feGed/SCKmqX9nJAT0c6pzoq6p","ruleLineId":19,"ruleId":7,"lineCode":"LINE_APPOINT_USER","lineName":"指定用户","sourceType":"LOV","sourceCode":"HWKF.RULE.SELECT_USER","sourceName":"工作流-用户查询","resultType":"USER","enabledFlag":1,"tenantId":0,"hzeroOrgFlag":1,"paramValueList":[],"defApproverReturnList":[]}],"typeCode":"HWKF_BACKLOG_APPROVE","levelParamFlag":false}],"defApproveChainList":[],"defEventList":[],"noticeNodeList":[],"defFormList":[],"defAccount":[],"defApproverCallbackList":[],"customizeActList":[{"_tls":{"actionDesc":{"en_US":"将需求置为通过状态，需求将进入需求池","zh_CN":"将需求置为通过状态，需求将进入需求池"},"actionName":{"en_US":"需求通过","zh_CN":"需求通过"}},"_token":"OlpFj2jlB05e8U2nIJc40M0/BjmXuN/FV7iXqKpuH1hjtKpZvEfTmIk/MtmC7Q0/OtNuHcpbFr1Okxpx7S5vQtogu5yetdRju+MS02G+yHjcA1pWLxNzOhzK39RMaBTa","actionId":1,"typeId":3,"actionCode":"backlog_approved","actionName":"需求通过","actionDesc":"将需求置为通过状态，需求将进入需求池","actionResult":"REJECTED","interfaceId":5,"enabledFlag":1,"sourceType":"CUSTOMIZE","tenantId":0,"recordSourceType":"CUSTOMIZE","parameterList":[{"_tls":{"parameterName":{"en_US":"businessKey","zh_CN":"参数对象"}},"_token":"OlpFj2jlB05e8U2nIJc40M0/BjmXuN/FV7iXqKpuH1hjtKpZvEfTmIk/MtmC7Q0/TlXiKHYJ/jHC0aeeZ9TOx9B8e25U57pqxWExKXNJP9T+eoHYU0utuD+uyJB03iis","parameterId":33,"sourceTable":"HWKF_DEF_CUSTOMIZE_ACT","sourceId":1,"sourceType":"DEFAULT","parameterCode":"businessKey","parameterName":"参数对象","parameterType":"String","valueType":"VARIABLE","variableId":20,"urlType":"PARAM","tenantId":0,"variableCode":"businessKey","lovParamValueList":[]},{"_tls":{"parameterName":{"en_US":"organization_id","zh_CN":"组织ID"}},"_token":"OlpFj2jlB05e8U2nIJc40M0/BjmXuN/FV7iXqKpuH1hjtKpZvEfTmIk/MtmC7Q0/TlXiKHYJ/jHC0aeeZ9TOx9B8e25U57pqxWExKXNJP9TVuBueK/PNuAPnxlsNpMRp","parameterId":34,"sourceTable":"HWKF_DEF_CUSTOMIZE_ACT","sourceId":1,"sourceType":"DEFAULT","parameterCode":"organization_id","parameterName":"组织ID","parameterType":"Long","valueType":"VARIABLE","variableId":19,"urlType":"PATH","tenantId":0,"variableCode":"startTenantId","lovParamValueList":[]}],"interfaceCode":"hwkf.ydy.approved","typeCode":"HWKF_BACKLOG_APPROVE","interfaceOldTenantId":0},{"_tls":{"actionDesc":{"en_US":"将需求置为已拒绝状态，审核流程结束","zh_CN":"将需求置为已拒绝状态，审核流程结束"},"actionName":{"en_US":"需求拒绝","zh_CN":"需求拒绝"}},"_token":"OlpFj2jlB05e8U2nIJc40M0/BjmXuN/FV7iXqKpuH1hjtKpZvEfTmIk/MtmC7Q0/OtNuHcpbFr1Okxpx7S5vQpi5Ju0GAmHN+bU1WztzWcPcA1pWLxNzOhzK39RMaBTa","actionId":2,"typeId":3,"actionCode":"backlog_reject","actionName":"需求拒绝","actionDesc":"将需求置为已拒绝状态，审核流程结束","actionResult":"REJECTED","interfaceId":6,"enabledFlag":1,"sourceType":"CUSTOMIZE","tenantId":0,"recordSourceType":"CUSTOMIZE","parameterList":[{"_tls":{"parameterName":{"en_US":"businessKey","zh_CN":"参数对象"}},"_token":"OlpFj2jlB05e8U2nIJc40M0/BjmXuN/FV7iXqKpuH1hjtKpZvEfTmIk/MtmC7Q0/TlXiKHYJ/jHC0aeeZ9TOx9B8e25U57pqxWExKXNJP9SRwKN7l0siDEJCAu8vH9l7","parameterId":35,"sourceTable":"HWKF_DEF_CUSTOMIZE_ACT","sourceId":2,"sourceType":"DEFAULT","parameterCode":"businessKey","parameterName":"参数对象","parameterType":"String","valueType":"VARIABLE","variableId":20,"urlType":"PARAM","tenantId":0,"variableCode":"businessKey","lovParamValueList":[]},{"_tls":{"parameterName":{"en_US":"organization_id","zh_CN":"组织ID"}},"_token":"OlpFj2jlB05e8U2nIJc40M0/BjmXuN/FV7iXqKpuH1hjtKpZvEfTmIk/MtmC7Q0/TlXiKHYJ/jHC0aeeZ9TOx9B8e25U57pqxWExKXNJP9TNBtm1iSRouf+2/j8UTs+V","parameterId":36,"sourceTable":"HWKF_DEF_CUSTOMIZE_ACT","sourceId":2,"sourceType":"DEFAULT","parameterCode":"organization_id","parameterName":"组织ID","parameterType":"Long","valueType":"VARIABLE","variableId":19,"urlType":"PATH","tenantId":0,"variableCode":"startTenantId","lovParamValueList":[]}],"interfaceCode":"hwkf.ydy.reject","typeCode":"HWKF_BACKLOG_APPROVE","interfaceOldTenantId":0}],"defCustomNodeList":[],"mailTemplateList":[],"children":null}]